prompt,text,response
prompt for request 1,Text content of element 1,1 is odd number
prompt for request 2,Text content of element 2,2 is even number
prompt for request 3,Text content of element 3,3 is odd number
prompt for request 4,Text content of element 4,4 is even number
prompt for request 5,Text content of element 5,5 is odd number
prompt for request 6,Text content of element 6,6 is even number
prompt for request 7,Text content of element 7,7 is odd number
prompt for request 8,Text content of element 8,8 is even number
prompt for request 9,Text content of element 9,9 is odd number
prompt for request 10,Text content of element 10,10 is even number
prompt for request 11,Text content of element 11,11 is odd number
prompt for request 12,Text content of element 12,12 is even number
prompt for request 13,Text content of element 13,13 is odd number
prompt for request 14,Text content of element 14,14 is even number
prompt for request 15,Text content of element 15,15 is odd number
prompt for request 16,Text content of element 16,16 is even number
prompt for request 17,Text content of element 17,17 is odd number
prompt for request 18,Text content of element 18,18 is even number
prompt for request 19,Text content of element 19,19 is odd number
prompt for request 20,Text content of element 20,20 is even number
prompt for request 21,Text content of element 21,21 is odd number
prompt for request 22,Text content of element 22,22 is even number
prompt for request 23,Text content of element 23,23 is odd number
prompt for request 24,Text content of element 24,24 is even number
prompt for request 25,Text content of element 25,25 is odd number
prompt for request 26,Text content of element 26,26 is even number
prompt for request 27,Text content of element 27,27 is odd number
prompt for request 28,Text content of element 28,28 is even number
prompt for request 29,Text content of element 29,29 is odd number
prompt for request 30,Text content of element 30,30 is even number
prompt for request 31,Text content of element 31,31 is odd number
prompt for request 32,Text content of element 32,32 is even number
prompt for request 33,Text content of element 33,33 is odd number
prompt for request 34,Text content of element 34,34 is even number
prompt for request 35,Text content of element 35,35 is odd number
prompt for request 36,Text content of element 36,36 is even number
prompt for request 37,Text content of element 37,37 is odd number
prompt for request 38,Text content of element 38,38 is even number
prompt for request 39,Text content of element 39,39 is odd number
prompt for request 40,Text content of element 40,40 is even number
prompt for request 41,Text content of element 41,41 is odd number
prompt for request 42,Text content of element 42,42 is even number
prompt for request 43,Text content of element 43,43 is odd number
prompt for request 44,Text content of element 44,44 is even number
prompt for request 45,Text content of element 45,45 is odd number
prompt for request 46,Text content of element 46,46 is even number
prompt for request 47,Text content of element 47,47 is odd number
prompt for request 48,Text content of element 48,48 is even number
prompt for request 49,Text content of element 49,49 is odd number
prompt for request 50,Text content of element 50,50 is even number
prompt for request 51,Text content of element 51,51 is odd number
prompt for request 52,Text content of element 52,52 is even number
prompt for request 53,Text content of element 53,53 is odd number
prompt for request 54,Text content of element 54,54 is even number
prompt for request 55,Text content of element 55,55 is odd number
prompt for request 56,Text content of element 56,56 is even number
prompt for request 57,Text content of element 57,57 is odd number
prompt for request 58,Text content of element 58,58 is even number
prompt for request 59,Text content of element 59,59 is odd number
prompt for request 60,Text content of element 60,60 is even number
prompt for request 61,Text content of element 61,61 is odd number
prompt for request 62,Text content of element 62,62 is even number
prompt for request 63,Text content of element 63,63 is odd number
prompt for request 64,Text content of element 64,64 is even number
prompt for request 65,Text content of element 65,65 is odd number
prompt for request 66,Text content of element 66,66 is even number
prompt for request 67,Text content of element 67,67 is odd number
prompt for request 68,Text content of element 68,68 is even number
prompt for request 69,Text content of element 69,69 is odd number
prompt for request 70,Text content of element 70,70 is even number
prompt for request 71,Text content of element 71,71 is odd number
prompt for request 72,Text content of element 72,72 is even number
prompt for request 73,Text content of element 73,73 is odd number
prompt for request 74,Text content of element 74,74 is even number
prompt for request 75,Text content of element 75,75 is odd number
prompt for request 76,Text content of element 76,76 is even number
prompt for request 77,Text content of element 77,77 is odd number
prompt for request 78,Text content of element 78,78 is even number
prompt for request 79,Text content of element 79,79 is odd number
prompt for request 80,Text content of element 80,80 is even number
prompt for request 81,Text content of element 81,81 is odd number
prompt for request 82,Text content of element 82,82 is even number
prompt for request 83,Text content of element 83,83 is odd number
prompt for request 84,Text content of element 84,84 is even number
prompt for request 85,Text content of element 85,85 is odd number
prompt for request 86,Text content of element 86,86 is even number
prompt for request 87,Text content of element 87,87 is odd number
prompt for request 88,Text content of element 88,88 is even number
prompt for request 89,Text content of element 89,89 is odd number
prompt for request 90,Text content of element 90,90 is even number
prompt for request 91,Text content of element 91,91 is odd number
prompt for request 92,Text content of element 92,92 is even number
prompt for request 93,Text content of element 93,93 is odd number
prompt for request 94,Text content of element 94,94 is even number
prompt for request 95,Text content of element 95,95 is odd number
prompt for request 96,Text content of element 96,96 is even number
prompt for request 97,Text content of element 97,97 is odd number
prompt for request 98,Text content of element 98,98 is even number
prompt for request 99,Text content of element 99,99 is odd number
prompt for request 100,Text content of element 100,100 is even number
